{"frames":{"rainbow0.png":{"frame":{"x":0,"y":0,"w":192,"h":192},"rotated":false,"trimmed":false,"spriteSourceSize":{"x":0,"y":0,"w":192,"h":192},"sourceSize":{"w":192,"h":192}},"rainbow1.png":{"frame":{"x":192,"y":0,"w":192,"h":192},"rotated":false,"trimmed":false,"spriteSourceSize":{"x":0,"y":0,"w":192,"h":192},"sourceSize":{"w":192,"h":192}},"rainbow2.png":{"frame":{"x":384,"y":0,"w":192,"h":192},"rotated":false,"trimmed":false,"spriteSourceSize":{"x":0,"y":0,"w":192,"h":192},"sourceSize":{"w":192,"h":192}},"rainbow3.png":{"frame":{"x":0,"y":192,"w":192,"h":192},"rotated":false,"trimmed":false,"spriteSourceSize":{"x":0,"y":0,"w":192,"h":192},"sourceSize":{"w":192,"h":192}},"rainbow4.png":{"frame":{"x":192,"y":192,"w":192,"h":192},"rotated":false,"trimmed":false,"spriteSourceSize":{"x":0,"y":0,"w":192,"h":192},"sourceSize":{"w":192,"h":192}},"rainbow5.png":{"frame":{"x":384,"y":192,"w":192,"h":192},"rotated":false,"trimmed":false,"spriteSourceSize":{"x":0,"y":0,"w":192,"h":192},"sourceSize":{"w":192,"h":192}},"rainbow6.png":{"frame":{"x":0,"y":384,"w":192,"h":192},"rotated":false,"trimmed":false,"spriteSourceSize":{"x":0,"y":0,"w":192,"h":192},"sourceSize":{"w":192,"h":192}},"rainbow7.png":{"frame":{"x":192,"y":384,"w":192,"h":192},"rotated":false,"trimmed":false,"spriteSourceSize":{"x":0,"y":0,"w":192,"h":192},"sourceSize":{"w":192,"h":192}}},"meta":{"app":"https://github.com/piskelapp/piskel/","version":"1.0","image":"rainbow.png","format":"RGBA8888","size":{"w":576,"h":576}}}
